<?xml version="1.0" encoding="UTF-8"?>
<project-private xmlns="http://www.netbeans.org/ns/project-private/1">
    <editor-bookmarks xmlns="http://www.netbeans.org/ns/editor-bookmarks/2" lastBookmarkId="0"/>
    <open-files xmlns="http://www.netbeans.org/ns/projectui-open-files/2">
        <group>
            <file>file:/C:/xampp/htdocs/alumni/add.php</file>
            <file>file:/C:/xampp/htdocs/alumni/surveys.php</file>
            <file>file:/C:/xampp/htdocs/alumni/login.php</file>
            <file>file:/C:/xampp/htdocs/alumni/index.php</file>
            <file>file:/C:/xampp/htdocs/alumni/chat.php</file>
            <file>file:/C:/xampp/htdocs/alumni/database.php</file>
        </group>
    </open-files>
</project-private>
